<?xml version="1.0" encoding="UTF-8"?>
<SOAP-ENV:Envelope
 xmlns:SOAP-ENV="http://schemas.xmlsoap.org/soap/envelope/"
 xmlns:SOAP-ENC="http://schemas.xmlsoap.org/soap/encoding/"
 xmlns:xsi="http://www.w3.org/2001/XMLSchema-instance"
 xmlns:xsd="http://www.w3.org/2001/XMLSchema"
 xmlns:wsa="http://schemas.xmlsoap.org/ws/2004/08/addressing"
 xmlns:wsdd="http://schemas.xmlsoap.org/ws/2005/04/discovery"
 xmlns:wsa5="http://www.w3.org/2005/08/addressing"
 xmlns:c14n="http://www.w3.org/2001/10/xml-exc-c14n#"
 xmlns:wsu="http://docs.oasis-open.org/wss/2004/01/oasis-200401-wss-wssecurity-utility-1.0.xsd"
 xmlns:xenc="http://www.w3.org/2001/04/xmlenc#"
 xmlns:ds="http://www.w3.org/2000/09/xmldsig#"
 xmlns:wsse="http://docs.oasis-open.org/wss/2004/01/oasis-200401-wss-wssecurity-secext-1.0.xsd"
 xmlns:xmime="http://tempuri.org/xmime.xsd"
 xmlns:xop="http://www.w3.org/2004/08/xop/include"
 xmlns:wsrfbf="http://docs.oasis-open.org/wsrf/bf-2"
 xmlns:wstop="http://docs.oasis-open.org/wsn/t-1"
 xmlns:wsrfrbf="http://docs.oasis-open.org/wsrf/bf-2"
 xmlns:tt="http://www.onvif.org/ver10/schema"
 xmlns:tan="http://www.onvif.org/ver20/analytics/wsdl"
 xmlns:dnrd="http://www.onvif.org/ver10/network/wsdl/RemoteDiscoveryBinding"
 xmlns:dndl="http://www.onvif.org/ver10/network/wsdl/DiscoveryLookupBinding"
 xmlns:tdn="http://www.onvif.org/ver10/network/wsdl"
 xmlns:tds="http://www.onvif.org/ver10/device/wsdl"
 xmlns:tmd="http://www.onvif.org/ver10/deviceIO/wsdl"
 xmlns:trt="http://www.onvif.org/ver10/media/wsdl"
 xmlns:wsrfr2="http://docs.oasis-open.org/wsrf/r-2"
 xmlns:tete="http://www.onvif.org/ver10/events/wsdl/EventBinding"
 xmlns:tetsm="http://www.onvif.org/ver10/events/wsdl/SubscriptionManagerBinding"
 xmlns:tetnp="http://www.onvif.org/ver10/events/wsdl/NotificationProducerBinding"
 xmlns:tetnc="http://www.onvif.org/ver10/events/wsdl/NotificationConsumerBinding"
 xmlns:tetpp="http://www.onvif.org/ver10/events/wsdl/PullPointBinding"
 xmlns:tetcp="http://www.onvif.org/ver10/events/wsdl/CreatePullPointBinding"
 xmlns:tetps="http://www.onvif.org/ver10/events/wsdl/PausableSubscriptionManagerBinding"
 xmlns:wsnt="http://docs.oasis-open.org/wsn/b-2"
 xmlns:tetpps="http://www.onvif.org/ver10/events/wsdl/PullPointSubscriptionBinding"
 xmlns:tev="http://www.onvif.org/ver10/events/wsdl"
 xmlns:tls="http://www.onvif.org/ver10/display/wsdl"
 xmlns:trv="http://www.onvif.org/ver10/receiver/wsdl"
 xmlns:timg="http://www.onvif.org/ver20/imaging/wsdl"
 xmlns:tptz="http://www.onvif.org/ver20/ptz/wsdl"
 xmlns:trc="http://www.onvif.org/ver10/recording/wsdl"
 xmlns:tse="http://www.onvif.org/ver10/search/wsdl"
 xmlns:trp="http://www.onvif.org/ver10/replay/wsdl"
 xmlns:tad="http://www.onvif.org/ver10/analyticsdevice/wsdl">
 <SOAP-ENV:Header>
 </SOAP-ENV:Header>
 <SOAP-ENV:Body>
  <tds:GetCapabilitiesResponse>
   <tds:Capabilities>
    <tt:Analytics>
     <tt:XAddr></tt:XAddr>
     <tt:RuleSupport>false</tt:RuleSupport>
     <tt:AnalyticsModuleSupport>false</tt:AnalyticsModuleSupport>
     <!-- extensibility element(s) -->

     <!-- extensibility element(s) -->

    </tt:Analytics>
    <tt:Device>
     <tt:XAddr></tt:XAddr>
     <tt:Network>
      <tt:IPFilter>false</tt:IPFilter>
      <tt:ZeroConfiguration>false</tt:ZeroConfiguration>
      <tt:IPVersion6>false</tt:IPVersion6>
      <tt:DynDNS>false</tt:DynDNS>
      <tt:Extension>
       <!-- extensibility element(s) -->

       <!-- extensibility element(s) -->

       <tt:Dot11Configuration>false</tt:Dot11Configuration>
       <tt:Extension>
        <!-- extensibility element(s) -->

        <!-- extensibility element(s) -->

       </tt:Extension>
      </tt:Extension>
     </tt:Network>
     <tt:System>
      <tt:DiscoveryResolve>false</tt:DiscoveryResolve>
      <tt:DiscoveryBye>false</tt:DiscoveryBye>
      <tt:RemoteDiscovery>false</tt:RemoteDiscovery>
      <tt:SystemBackup>false</tt:SystemBackup>
      <tt:SystemLogging>false</tt:SystemLogging>
      <tt:FirmwareUpgrade>false</tt:FirmwareUpgrade>
      <tt:SupportedVersions>
       <tt:Major>0</tt:Major>
       <tt:Minor>0</tt:Minor>
      </tt:SupportedVersions>
      <tt:SupportedVersions>
       <tt:Major>0</tt:Major>
       <tt:Minor>0</tt:Minor>
      </tt:SupportedVersions>
      <tt:Extension>
       <!-- extensibility element(s) -->

       <!-- extensibility element(s) -->

       <tt:HttpFirmwareUpgrade>false</tt:HttpFirmwareUpgrade>
       <tt:HttpSystemBackup>false</tt:HttpSystemBackup>
       <tt:HttpSystemLogging>false</tt:HttpSystemLogging>
       <tt:HttpSupportInformation>false</tt:HttpSupportInformation>
       <tt:Extension>
        <!-- extensibility element(s) -->

        <!-- extensibility element(s) -->

       </tt:Extension>
      </tt:Extension>
     </tt:System>
     <tt:IO>
      <tt:InputConnectors>0</tt:InputConnectors>
      <tt:RelayOutputs>0</tt:RelayOutputs>
      <tt:Extension>
       <!-- extensibility element(s) -->

       <!-- extensibility element(s) -->

       <tt:Auxiliary>false</tt:Auxiliary>
       <tt:AuxiliaryCommands></tt:AuxiliaryCommands>
       <tt:AuxiliaryCommands></tt:AuxiliaryCommands>
       <tt:Extension>
        <!-- extensibility element(s) -->

        <!-- extensibility element(s) -->

       </tt:Extension>
      </tt:Extension>
     </tt:IO>
     <tt:Security>
      <tt:TLS1.1>false</tt:TLS1.1>
      <tt:TLS1.2>false</tt:TLS1.2>
      <tt:OnboardKeyGeneration>false</tt:OnboardKeyGeneration>
      <tt:AccessPolicyConfig>false</tt:AccessPolicyConfig>
      <tt:X.509Token>false</tt:X.509Token>
      <tt:SAMLToken>false</tt:SAMLToken>
      <tt:KerberosToken>false</tt:KerberosToken>
      <tt:RELToken>false</tt:RELToken>
      <!-- extensibility element(s) -->

      <!-- extensibility element(s) -->

      <tt:Extension>
       <tt:TLS1.0>false</tt:TLS1.0>
       <tt:Extension>
        <tt:Dot1X>false</tt:Dot1X>
        <tt:SupportedEAPMethod>0</tt:SupportedEAPMethod>
        <tt:SupportedEAPMethod>0</tt:SupportedEAPMethod>
        <tt:RemoteUserHandling>false</tt:RemoteUserHandling>
        <!-- extensibility element(s) -->

        <!-- extensibility element(s) -->

       </tt:Extension>
      </tt:Extension>
     </tt:Security>
     <tt:Extension>
      <!-- extensibility element(s) -->

      <!-- extensibility element(s) -->

     </tt:Extension>
    </tt:Device>
    <tt:Events>
     <tt:XAddr></tt:XAddr>
     <tt:WSSubscriptionPolicySupport>false</tt:WSSubscriptionPolicySupport>
     <tt:WSPullPointSupport>false</tt:WSPullPointSupport>
     <tt:WSPausableSubscriptionManagerInterfaceSupport>false</tt:WSPausableSubscriptionManagerInterfaceSupport>
     <!-- extensibility element(s) -->

     <!-- extensibility element(s) -->

    </tt:Events>
    <tt:Imaging>
     <tt:XAddr></tt:XAddr>
    </tt:Imaging>
    <tt:Media>
     <tt:XAddr></tt:XAddr>
     <tt:StreamingCapabilities>
      <tt:RTPMulticast>false</tt:RTPMulticast>
      <tt:RTP_TCP>false</tt:RTP_TCP>
      <tt:RTP_RTSP_TCP>false</tt:RTP_RTSP_TCP>
      <tt:Extension>
       <!-- extensibility element(s) -->

       <!-- extensibility element(s) -->

      </tt:Extension>
     </tt:StreamingCapabilities>
     <!-- extensibility element(s) -->

     <!-- extensibility element(s) -->

     <tt:Extension>
      <tt:ProfileCapabilities>
       <tt:MaximumNumberOfProfiles>0</tt:MaximumNumberOfProfiles>
       <!-- extensibility element(s) -->

       <!-- extensibility element(s) -->

      </tt:ProfileCapabilities>
      <!-- extensibility element(s) -->

      <!-- extensibility element(s) -->

     </tt:Extension>
    </tt:Media>
    <tt:PTZ>
     <tt:XAddr></tt:XAddr>
     <!-- extensibility element(s) -->

     <!-- extensibility element(s) -->

    </tt:PTZ>
    <tt:Extension>
     <!-- extensibility element(s) -->

     <!-- extensibility element(s) -->

     <tt:DeviceIO>
      <tt:XAddr></tt:XAddr>
      <tt:VideoSources>0</tt:VideoSources>
      <tt:VideoOutputs>0</tt:VideoOutputs>
      <tt:AudioSources>0</tt:AudioSources>
      <tt:AudioOutputs>0</tt:AudioOutputs>
      <tt:RelayOutputs>0</tt:RelayOutputs>
      <!-- extensibility element(s) -->

      <!-- extensibility element(s) -->

     </tt:DeviceIO>
     <tt:Display>
      <tt:XAddr></tt:XAddr>
      <tt:FixedLayout>false</tt:FixedLayout>
      <!-- extensibility element(s) -->

      <!-- extensibility element(s) -->

     </tt:Display>
     <tt:Recording>
      <tt:XAddr></tt:XAddr>
      <tt:ReceiverSource>false</tt:ReceiverSource>
      <tt:MediaProfileSource>false</tt:MediaProfileSource>
      <tt:DynamicRecordings>false</tt:DynamicRecordings>
      <tt:DynamicTracks>false</tt:DynamicTracks>
      <tt:MaxStringLength>0</tt:MaxStringLength>
      <!-- extensibility element(s) -->

      <!-- extensibility element(s) -->

     </tt:Recording>
     <tt:Search>
      <tt:XAddr></tt:XAddr>
      <tt:MetadataSearch>false</tt:MetadataSearch>
      <!-- extensibility element(s) -->

      <!-- extensibility element(s) -->

     </tt:Search>
     <tt:Replay>
      <tt:XAddr></tt:XAddr>
      <!-- extensibility element(s) -->

      <!-- extensibility element(s) -->

     </tt:Replay>
     <tt:Receiver>
      <tt:XAddr></tt:XAddr>
      <tt:RTP_Multicast>false</tt:RTP_Multicast>
      <tt:RTP_TCP>false</tt:RTP_TCP>
      <tt:RTP_RTSP_TCP>false</tt:RTP_RTSP_TCP>
      <tt:SupportedReceivers>0</tt:SupportedReceivers>
      <tt:MaximumRTSPURILength>0</tt:MaximumRTSPURILength>
      <!-- extensibility element(s) -->

      <!-- extensibility element(s) -->

     </tt:Receiver>
     <tt:AnalyticsDevice>
      <tt:XAddr></tt:XAddr>
      <tt:RuleSupport>false</tt:RuleSupport>
      <tt:Extension>
       <!-- extensibility element(s) -->

       <!-- extensibility element(s) -->

      </tt:Extension>
     </tt:AnalyticsDevice>
     <tt:Extensions>
      <!-- extensibility element(s) -->

      <!-- extensibility element(s) -->

     </tt:Extensions>
    </tt:Extension>
   </tds:Capabilities>
  </tds:GetCapabilitiesResponse>
 </SOAP-ENV:Body>
</SOAP-ENV:Envelope>
