<?xml version="1.0" encoding="UTF-8"?>
<SOAP-ENV:Envelope
 xmlns:SOAP-ENV="http://schemas.xmlsoap.org/soap/envelope/"
 xmlns:SOAP-ENC="http://schemas.xmlsoap.org/soap/encoding/"
 xmlns:xsi="http://www.w3.org/2001/XMLSchema-instance"
 xmlns:xsd="http://www.w3.org/2001/XMLSchema"
 xmlns:wsa="http://schemas.xmlsoap.org/ws/2004/08/addressing"
 xmlns:wsdd="http://schemas.xmlsoap.org/ws/2005/04/discovery"
 xmlns:wsa5="http://www.w3.org/2005/08/addressing"
 xmlns:c14n="http://www.w3.org/2001/10/xml-exc-c14n#"
 xmlns:wsu="http://docs.oasis-open.org/wss/2004/01/oasis-200401-wss-wssecurity-utility-1.0.xsd"
 xmlns:xenc="http://www.w3.org/2001/04/xmlenc#"
 xmlns:ds="http://www.w3.org/2000/09/xmldsig#"
 xmlns:wsse="http://docs.oasis-open.org/wss/2004/01/oasis-200401-wss-wssecurity-secext-1.0.xsd"
 xmlns:xmime="http://tempuri.org/xmime.xsd"
 xmlns:xop="http://www.w3.org/2004/08/xop/include"
 xmlns:wsrfbf="http://docs.oasis-open.org/wsrf/bf-2"
 xmlns:wstop="http://docs.oasis-open.org/wsn/t-1"
 xmlns:wsrfrbf="http://docs.oasis-open.org/wsrf/bf-2"
 xmlns:tt="http://www.onvif.org/ver10/schema"
 xmlns:tan="http://www.onvif.org/ver20/analytics/wsdl"
 xmlns:dnrd="http://www.onvif.org/ver10/network/wsdl/RemoteDiscoveryBinding"
 xmlns:dndl="http://www.onvif.org/ver10/network/wsdl/DiscoveryLookupBinding"
 xmlns:tdn="http://www.onvif.org/ver10/network/wsdl"
 xmlns:tds="http://www.onvif.org/ver10/device/wsdl"
 xmlns:tmd="http://www.onvif.org/ver10/deviceIO/wsdl"
 xmlns:trt="http://www.onvif.org/ver10/media/wsdl"
 xmlns:wsrfr2="http://docs.oasis-open.org/wsrf/r-2"
 xmlns:tete="http://www.onvif.org/ver10/events/wsdl/EventBinding"
 xmlns:tetsm="http://www.onvif.org/ver10/events/wsdl/SubscriptionManagerBinding"
 xmlns:tetnp="http://www.onvif.org/ver10/events/wsdl/NotificationProducerBinding"
 xmlns:tetnc="http://www.onvif.org/ver10/events/wsdl/NotificationConsumerBinding"
 xmlns:tetpp="http://www.onvif.org/ver10/events/wsdl/PullPointBinding"
 xmlns:tetcp="http://www.onvif.org/ver10/events/wsdl/CreatePullPointBinding"
 xmlns:tetps="http://www.onvif.org/ver10/events/wsdl/PausableSubscriptionManagerBinding"
 xmlns:wsnt="http://docs.oasis-open.org/wsn/b-2"
 xmlns:tetpps="http://www.onvif.org/ver10/events/wsdl/PullPointSubscriptionBinding"
 xmlns:tev="http://www.onvif.org/ver10/events/wsdl"
 xmlns:tls="http://www.onvif.org/ver10/display/wsdl"
 xmlns:trv="http://www.onvif.org/ver10/receiver/wsdl"
 xmlns:timg="http://www.onvif.org/ver20/imaging/wsdl"
 xmlns:tptz="http://www.onvif.org/ver20/ptz/wsdl"
 xmlns:trc="http://www.onvif.org/ver10/recording/wsdl"
 xmlns:tse="http://www.onvif.org/ver10/search/wsdl"
 xmlns:trp="http://www.onvif.org/ver10/replay/wsdl"
 xmlns:tad="http://www.onvif.org/ver10/analyticsdevice/wsdl">
 <SOAP-ENV:Header>
 </SOAP-ENV:Header>
 <SOAP-ENV:Body>
  <tls:GetDisplayOptionsResponse>
   <tls:LayoutOptions>
    <tt:PaneLayoutOptions>
     <tt:Area bottom="0.0" top="0.0" right="0.0" left="0.0">
     </tt:Area>
     <tt:Area bottom="0.0" top="0.0" right="0.0" left="0.0">
     </tt:Area>
     <tt:Extension>
      <!-- extensibility element(s) -->

      <!-- extensibility element(s) -->

     </tt:Extension>
    </tt:PaneLayoutOptions>
    <tt:PaneLayoutOptions>
     <tt:Area bottom="0.0" top="0.0" right="0.0" left="0.0">
     </tt:Area>
     <tt:Area bottom="0.0" top="0.0" right="0.0" left="0.0">
     </tt:Area>
     <tt:Extension>
      <!-- extensibility element(s) -->

      <!-- extensibility element(s) -->

     </tt:Extension>
    </tt:PaneLayoutOptions>
    <tt:Extension>
     <!-- extensibility element(s) -->

     <!-- extensibility element(s) -->

    </tt:Extension>
   </tls:LayoutOptions>
   <tls:CodingCapabilities>
    <tt:AudioEncodingCapabilities>
     <tt:Options>
      <tt:Encoding>G711</tt:Encoding>
      <tt:BitrateList>
       <tt:Items>0</tt:Items>
       <tt:Items>0</tt:Items>
      </tt:BitrateList>
      <tt:SampleRateList>
       <tt:Items>0</tt:Items>
       <tt:Items>0</tt:Items>
      </tt:SampleRateList>
      <!-- extensibility element(s) -->

      <!-- extensibility element(s) -->

     </tt:Options>
     <tt:Options>
      <tt:Encoding>G711</tt:Encoding>
      <tt:BitrateList>
       <tt:Items>0</tt:Items>
       <tt:Items>0</tt:Items>
      </tt:BitrateList>
      <tt:SampleRateList>
       <tt:Items>0</tt:Items>
       <tt:Items>0</tt:Items>
      </tt:SampleRateList>
      <!-- extensibility element(s) -->

      <!-- extensibility element(s) -->

     </tt:Options>
    </tt:AudioEncodingCapabilities>
    <tt:AudioDecodingCapabilities>
     <tt:AACDecOptions>
      <tt:Bitrate>
       <tt:Items>0</tt:Items>
       <tt:Items>0</tt:Items>
      </tt:Bitrate>
      <tt:SampleRateRange>
       <tt:Items>0</tt:Items>
       <tt:Items>0</tt:Items>
      </tt:SampleRateRange>
      <!-- extensibility element(s) -->

      <!-- extensibility element(s) -->

     </tt:AACDecOptions>
     <tt:G711DecOptions>
      <tt:Bitrate>
       <tt:Items>0</tt:Items>
       <tt:Items>0</tt:Items>
      </tt:Bitrate>
      <tt:SampleRateRange>
       <tt:Items>0</tt:Items>
       <tt:Items>0</tt:Items>
      </tt:SampleRateRange>
      <!-- extensibility element(s) -->

      <!-- extensibility element(s) -->

     </tt:G711DecOptions>
     <tt:G726DecOptions>
      <tt:Bitrate>
       <tt:Items>0</tt:Items>
       <tt:Items>0</tt:Items>
      </tt:Bitrate>
      <tt:SampleRateRange>
       <tt:Items>0</tt:Items>
       <tt:Items>0</tt:Items>
      </tt:SampleRateRange>
      <!-- extensibility element(s) -->

      <!-- extensibility element(s) -->

     </tt:G726DecOptions>
     <tt:Extension>
      <!-- extensibility element(s) -->

      <!-- extensibility element(s) -->

     </tt:Extension>
    </tt:AudioDecodingCapabilities>
    <tt:VideoDecodingCapabilities>
     <tt:JpegDecOptions>
      <tt:ResolutionsAvailable>
       <tt:Width>0</tt:Width>
       <tt:Height>0</tt:Height>
      </tt:ResolutionsAvailable>
      <tt:ResolutionsAvailable>
       <tt:Width>0</tt:Width>
       <tt:Height>0</tt:Height>
      </tt:ResolutionsAvailable>
      <tt:SupportedInputBitrate>
       <tt:Min>0</tt:Min>
       <tt:Max>0</tt:Max>
      </tt:SupportedInputBitrate>
      <tt:SupportedFrameRate>
       <tt:Min>0</tt:Min>
       <tt:Max>0</tt:Max>
      </tt:SupportedFrameRate>
      <!-- extensibility element(s) -->

      <!-- extensibility element(s) -->

     </tt:JpegDecOptions>
     <tt:H264DecOptions>
      <tt:ResolutionsAvailable>
       <tt:Width>0</tt:Width>
       <tt:Height>0</tt:Height>
      </tt:ResolutionsAvailable>
      <tt:ResolutionsAvailable>
       <tt:Width>0</tt:Width>
       <tt:Height>0</tt:Height>
      </tt:ResolutionsAvailable>
      <tt:SupportedH264Profiles>Baseline</tt:SupportedH264Profiles>
      <tt:SupportedH264Profiles>Baseline</tt:SupportedH264Profiles>
      <tt:SupportedInputBitrate>
       <tt:Min>0</tt:Min>
       <tt:Max>0</tt:Max>
      </tt:SupportedInputBitrate>
      <tt:SupportedFrameRate>
       <tt:Min>0</tt:Min>
       <tt:Max>0</tt:Max>
      </tt:SupportedFrameRate>
      <!-- extensibility element(s) -->

      <!-- extensibility element(s) -->

     </tt:H264DecOptions>
     <tt:Mpeg4DecOptions>
      <tt:ResolutionsAvailable>
       <tt:Width>0</tt:Width>
       <tt:Height>0</tt:Height>
      </tt:ResolutionsAvailable>
      <tt:ResolutionsAvailable>
       <tt:Width>0</tt:Width>
       <tt:Height>0</tt:Height>
      </tt:ResolutionsAvailable>
      <tt:SupportedMpeg4Profiles>SP</tt:SupportedMpeg4Profiles>
      <tt:SupportedMpeg4Profiles>SP</tt:SupportedMpeg4Profiles>
      <tt:SupportedInputBitrate>
       <tt:Min>0</tt:Min>
       <tt:Max>0</tt:Max>
      </tt:SupportedInputBitrate>
      <tt:SupportedFrameRate>
       <tt:Min>0</tt:Min>
       <tt:Max>0</tt:Max>
      </tt:SupportedFrameRate>
      <!-- extensibility element(s) -->

      <!-- extensibility element(s) -->

     </tt:Mpeg4DecOptions>
     <tt:Extension>
      <!-- extensibility element(s) -->

      <!-- extensibility element(s) -->

     </tt:Extension>
    </tt:VideoDecodingCapabilities>
    <!-- extensibility element(s) -->

    <!-- extensibility element(s) -->

   </tls:CodingCapabilities>
   <!-- extensibility element(s) -->

  </tls:GetDisplayOptionsResponse>
 </SOAP-ENV:Body>
</SOAP-ENV:Envelope>
