<?xml version="1.0" encoding="UTF-8"?>
<SOAP-ENV:Envelope
 xmlns:SOAP-ENV="http://schemas.xmlsoap.org/soap/envelope/"
 xmlns:SOAP-ENC="http://schemas.xmlsoap.org/soap/encoding/"
 xmlns:xsi="http://www.w3.org/2001/XMLSchema-instance"
 xmlns:xsd="http://www.w3.org/2001/XMLSchema"
 xmlns:wsa="http://schemas.xmlsoap.org/ws/2004/08/addressing"
 xmlns:wsdd="http://schemas.xmlsoap.org/ws/2005/04/discovery"
 xmlns:wsa5="http://www.w3.org/2005/08/addressing"
 xmlns:c14n="http://www.w3.org/2001/10/xml-exc-c14n#"
 xmlns:wsu="http://docs.oasis-open.org/wss/2004/01/oasis-200401-wss-wssecurity-utility-1.0.xsd"
 xmlns:xenc="http://www.w3.org/2001/04/xmlenc#"
 xmlns:ds="http://www.w3.org/2000/09/xmldsig#"
 xmlns:wsse="http://docs.oasis-open.org/wss/2004/01/oasis-200401-wss-wssecurity-secext-1.0.xsd"
 xmlns:xmime="http://tempuri.org/xmime.xsd"
 xmlns:xop="http://www.w3.org/2004/08/xop/include"
 xmlns:wsrfbf="http://docs.oasis-open.org/wsrf/bf-2"
 xmlns:wstop="http://docs.oasis-open.org/wsn/t-1"
 xmlns:wsrfrbf="http://docs.oasis-open.org/wsrf/bf-2"
 xmlns:tt="http://www.onvif.org/ver10/schema"
 xmlns:tan="http://www.onvif.org/ver20/analytics/wsdl"
 xmlns:dnrd="http://www.onvif.org/ver10/network/wsdl/RemoteDiscoveryBinding"
 xmlns:dndl="http://www.onvif.org/ver10/network/wsdl/DiscoveryLookupBinding"
 xmlns:tdn="http://www.onvif.org/ver10/network/wsdl"
 xmlns:tds="http://www.onvif.org/ver10/device/wsdl"
 xmlns:tmd="http://www.onvif.org/ver10/deviceIO/wsdl"
 xmlns:trt="http://www.onvif.org/ver10/media/wsdl"
 xmlns:wsrfr2="http://docs.oasis-open.org/wsrf/r-2"
 xmlns:tete="http://www.onvif.org/ver10/events/wsdl/EventBinding"
 xmlns:tetsm="http://www.onvif.org/ver10/events/wsdl/SubscriptionManagerBinding"
 xmlns:tetnp="http://www.onvif.org/ver10/events/wsdl/NotificationProducerBinding"
 xmlns:tetnc="http://www.onvif.org/ver10/events/wsdl/NotificationConsumerBinding"
 xmlns:tetpp="http://www.onvif.org/ver10/events/wsdl/PullPointBinding"
 xmlns:tetcp="http://www.onvif.org/ver10/events/wsdl/CreatePullPointBinding"
 xmlns:tetps="http://www.onvif.org/ver10/events/wsdl/PausableSubscriptionManagerBinding"
 xmlns:wsnt="http://docs.oasis-open.org/wsn/b-2"
 xmlns:tetpps="http://www.onvif.org/ver10/events/wsdl/PullPointSubscriptionBinding"
 xmlns:tev="http://www.onvif.org/ver10/events/wsdl"
 xmlns:tls="http://www.onvif.org/ver10/display/wsdl"
 xmlns:trv="http://www.onvif.org/ver10/receiver/wsdl"
 xmlns:timg="http://www.onvif.org/ver20/imaging/wsdl"
 xmlns:tptz="http://www.onvif.org/ver20/ptz/wsdl"
 xmlns:trc="http://www.onvif.org/ver10/recording/wsdl"
 xmlns:tse="http://www.onvif.org/ver10/search/wsdl"
 xmlns:trp="http://www.onvif.org/ver10/replay/wsdl"
 xmlns:tad="http://www.onvif.org/ver10/analyticsdevice/wsdl">
 <SOAP-ENV:Header>
 </SOAP-ENV:Header>
 <SOAP-ENV:Body>
  <trt:GetOSDOptionsResponse>
   <trt:OSDOptions>
    <tt:MaximumNumberOfOSDs Total="0" Image="0" PlainText="0" Date="0" Time="0" DateAndTime="0">
    </tt:MaximumNumberOfOSDs>
    <tt:Type>Text</tt:Type>
    <tt:Type>Text</tt:Type>
    <tt:PositionOption></tt:PositionOption>
    <tt:PositionOption></tt:PositionOption>
    <tt:TextOption>
     <tt:Type></tt:Type>
     <tt:Type></tt:Type>
     <tt:FontSizeRange>
      <tt:Min>0</tt:Min>
      <tt:Max>0</tt:Max>
     </tt:FontSizeRange>
     <tt:DateFormat></tt:DateFormat>
     <tt:DateFormat></tt:DateFormat>
     <tt:TimeFormat></tt:TimeFormat>
     <tt:TimeFormat></tt:TimeFormat>
     <tt:FontColor>
      <tt:Color>
       <tt:ColorList X="0.0" Y="0.0" Z="0.0" Colorspace="">
       </tt:ColorList>
       <tt:ColorList X="0.0" Y="0.0" Z="0.0" Colorspace="">
       </tt:ColorList>
       <tt:ColorspaceRange>
        <tt:X>
         <tt:Min>0.0</tt:Min>
         <tt:Max>0.0</tt:Max>
        </tt:X>
        <tt:Y>
         <tt:Min>0.0</tt:Min>
         <tt:Max>0.0</tt:Max>
        </tt:Y>
        <tt:Z>
         <tt:Min>0.0</tt:Min>
         <tt:Max>0.0</tt:Max>
        </tt:Z>
        <tt:Colorspace></tt:Colorspace>
       </tt:ColorspaceRange>
       <tt:ColorspaceRange>
        <tt:X>
         <tt:Min>0.0</tt:Min>
         <tt:Max>0.0</tt:Max>
        </tt:X>
        <tt:Y>
         <tt:Min>0.0</tt:Min>
         <tt:Max>0.0</tt:Max>
        </tt:Y>
        <tt:Z>
         <tt:Min>0.0</tt:Min>
         <tt:Max>0.0</tt:Max>
        </tt:Z>
        <tt:Colorspace></tt:Colorspace>
       </tt:ColorspaceRange>
      </tt:Color>
      <tt:Transparent>
       <tt:Min>0</tt:Min>
       <tt:Max>0</tt:Max>
      </tt:Transparent>
      <tt:Extension>
       <!-- extensibility element(s) -->

       <!-- extensibility element(s) -->

      </tt:Extension>
     </tt:FontColor>
     <tt:BackgroundColor>
      <tt:Color>
       <tt:ColorList X="0.0" Y="0.0" Z="0.0" Colorspace="">
       </tt:ColorList>
       <tt:ColorList X="0.0" Y="0.0" Z="0.0" Colorspace="">
       </tt:ColorList>
       <tt:ColorspaceRange>
        <tt:X>
         <tt:Min>0.0</tt:Min>
         <tt:Max>0.0</tt:Max>
        </tt:X>
        <tt:Y>
         <tt:Min>0.0</tt:Min>
         <tt:Max>0.0</tt:Max>
        </tt:Y>
        <tt:Z>
         <tt:Min>0.0</tt:Min>
         <tt:Max>0.0</tt:Max>
        </tt:Z>
        <tt:Colorspace></tt:Colorspace>
       </tt:ColorspaceRange>
       <tt:ColorspaceRange>
        <tt:X>
         <tt:Min>0.0</tt:Min>
         <tt:Max>0.0</tt:Max>
        </tt:X>
        <tt:Y>
         <tt:Min>0.0</tt:Min>
         <tt:Max>0.0</tt:Max>
        </tt:Y>
        <tt:Z>
         <tt:Min>0.0</tt:Min>
         <tt:Max>0.0</tt:Max>
        </tt:Z>
        <tt:Colorspace></tt:Colorspace>
       </tt:ColorspaceRange>
      </tt:Color>
      <tt:Transparent>
       <tt:Min>0</tt:Min>
       <tt:Max>0</tt:Max>
      </tt:Transparent>
      <tt:Extension>
       <!-- extensibility element(s) -->

       <!-- extensibility element(s) -->

      </tt:Extension>
     </tt:BackgroundColor>
     <tt:Extension>
      <!-- extensibility element(s) -->

      <!-- extensibility element(s) -->

     </tt:Extension>
    </tt:TextOption>
    <tt:ImageOption>
     <tt:ImagePath></tt:ImagePath>
     <tt:ImagePath></tt:ImagePath>
     <tt:Extension>
      <!-- extensibility element(s) -->

      <!-- extensibility element(s) -->

     </tt:Extension>
    </tt:ImageOption>
    <tt:Extension>
     <!-- extensibility element(s) -->

     <!-- extensibility element(s) -->

    </tt:Extension>
   </trt:OSDOptions>
   <!-- extensibility element(s) -->

  </trt:GetOSDOptionsResponse>
 </SOAP-ENV:Body>
</SOAP-ENV:Envelope>
