<?xml version="1.0" encoding="UTF-8"?>
<SOAP-ENV:Envelope
 xmlns:SOAP-ENV="http://schemas.xmlsoap.org/soap/envelope/"
 xmlns:SOAP-ENC="http://schemas.xmlsoap.org/soap/encoding/"
 xmlns:xsi="http://www.w3.org/2001/XMLSchema-instance"
 xmlns:xsd="http://www.w3.org/2001/XMLSchema"
 xmlns:wsa="http://schemas.xmlsoap.org/ws/2004/08/addressing"
 xmlns:wsdd="http://schemas.xmlsoap.org/ws/2005/04/discovery"
 xmlns:wsa5="http://www.w3.org/2005/08/addressing"
 xmlns:c14n="http://www.w3.org/2001/10/xml-exc-c14n#"
 xmlns:wsu="http://docs.oasis-open.org/wss/2004/01/oasis-200401-wss-wssecurity-utility-1.0.xsd"
 xmlns:xenc="http://www.w3.org/2001/04/xmlenc#"
 xmlns:ds="http://www.w3.org/2000/09/xmldsig#"
 xmlns:wsse="http://docs.oasis-open.org/wss/2004/01/oasis-200401-wss-wssecurity-secext-1.0.xsd"
 xmlns:xmime="http://tempuri.org/xmime.xsd"
 xmlns:xop="http://www.w3.org/2004/08/xop/include"
 xmlns:wsrfbf="http://docs.oasis-open.org/wsrf/bf-2"
 xmlns:wstop="http://docs.oasis-open.org/wsn/t-1"
 xmlns:wsrfrbf="http://docs.oasis-open.org/wsrf/bf-2"
 xmlns:tt="http://www.onvif.org/ver10/schema"
 xmlns:tan="http://www.onvif.org/ver20/analytics/wsdl"
 xmlns:dnrd="http://www.onvif.org/ver10/network/wsdl/RemoteDiscoveryBinding"
 xmlns:dndl="http://www.onvif.org/ver10/network/wsdl/DiscoveryLookupBinding"
 xmlns:tdn="http://www.onvif.org/ver10/network/wsdl"
 xmlns:tds="http://www.onvif.org/ver10/device/wsdl"
 xmlns:tmd="http://www.onvif.org/ver10/deviceIO/wsdl"
 xmlns:trt="http://www.onvif.org/ver10/media/wsdl"
 xmlns:wsrfr2="http://docs.oasis-open.org/wsrf/r-2"
 xmlns:tete="http://www.onvif.org/ver10/events/wsdl/EventBinding"
 xmlns:tetsm="http://www.onvif.org/ver10/events/wsdl/SubscriptionManagerBinding"
 xmlns:tetnp="http://www.onvif.org/ver10/events/wsdl/NotificationProducerBinding"
 xmlns:tetnc="http://www.onvif.org/ver10/events/wsdl/NotificationConsumerBinding"
 xmlns:tetpp="http://www.onvif.org/ver10/events/wsdl/PullPointBinding"
 xmlns:tetcp="http://www.onvif.org/ver10/events/wsdl/CreatePullPointBinding"
 xmlns:tetps="http://www.onvif.org/ver10/events/wsdl/PausableSubscriptionManagerBinding"
 xmlns:wsnt="http://docs.oasis-open.org/wsn/b-2"
 xmlns:tetpps="http://www.onvif.org/ver10/events/wsdl/PullPointSubscriptionBinding"
 xmlns:tev="http://www.onvif.org/ver10/events/wsdl"
 xmlns:tls="http://www.onvif.org/ver10/display/wsdl"
 xmlns:trv="http://www.onvif.org/ver10/receiver/wsdl"
 xmlns:timg="http://www.onvif.org/ver20/imaging/wsdl"
 xmlns:tptz="http://www.onvif.org/ver20/ptz/wsdl"
 xmlns:trc="http://www.onvif.org/ver10/recording/wsdl"
 xmlns:tse="http://www.onvif.org/ver10/search/wsdl"
 xmlns:trp="http://www.onvif.org/ver10/replay/wsdl"
 xmlns:tad="http://www.onvif.org/ver10/analyticsdevice/wsdl">
 <SOAP-ENV:Header>
 </SOAP-ENV:Header>
 <SOAP-ENV:Body>
  <tptz:GetPresetToursResponse>
   <tptz:PresetTour token="">
    <tt:Name></tt:Name>
    <tt:Status>
     <tt:State>Idle</tt:State>
     <tt:CurrentTourSpot>
      <tt:PresetDetail>
       <tt:PresetToken></tt:PresetToken>
       <!-- extensibility element(s) -->

       <!-- extensibility element(s) -->

      </tt:PresetDetail>
      <tt:Speed>
       <tt:PanTilt x="0.0" y="0.0" space="">
       </tt:PanTilt>
       <tt:Zoom x="0.0" space="">
       </tt:Zoom>
      </tt:Speed>
      <tt:StayTime>0</tt:StayTime>
      <tt:Extension>
       <!-- extensibility element(s) -->

       <!-- extensibility element(s) -->

      </tt:Extension>
     </tt:CurrentTourSpot>
     <tt:Extension>
      <!-- extensibility element(s) -->

      <!-- extensibility element(s) -->

     </tt:Extension>
    </tt:Status>
    <tt:AutoStart>false</tt:AutoStart>
    <tt:StartingCondition>
     <tt:RecurringTime>0</tt:RecurringTime>
     <tt:RecurringDuration>0</tt:RecurringDuration>
     <tt:Direction>Forward</tt:Direction>
     <tt:Extension>
      <!-- extensibility element(s) -->

      <!-- extensibility element(s) -->

     </tt:Extension>
    </tt:StartingCondition>
    <tt:TourSpot>
     <tt:PresetDetail>
      <tt:PresetToken></tt:PresetToken>
      <!-- extensibility element(s) -->

      <!-- extensibility element(s) -->

     </tt:PresetDetail>
     <tt:Speed>
      <tt:PanTilt x="0.0" y="0.0" space="">
      </tt:PanTilt>
      <tt:Zoom x="0.0" space="">
      </tt:Zoom>
     </tt:Speed>
     <tt:StayTime>0</tt:StayTime>
     <tt:Extension>
      <!-- extensibility element(s) -->

      <!-- extensibility element(s) -->

     </tt:Extension>
    </tt:TourSpot>
    <tt:TourSpot>
     <tt:PresetDetail>
      <tt:PresetToken></tt:PresetToken>
      <!-- extensibility element(s) -->

      <!-- extensibility element(s) -->

     </tt:PresetDetail>
     <tt:Speed>
      <tt:PanTilt x="0.0" y="0.0" space="">
      </tt:PanTilt>
      <tt:Zoom x="0.0" space="">
      </tt:Zoom>
     </tt:Speed>
     <tt:StayTime>0</tt:StayTime>
     <tt:Extension>
      <!-- extensibility element(s) -->

      <!-- extensibility element(s) -->

     </tt:Extension>
    </tt:TourSpot>
    <tt:Extension>
     <!-- extensibility element(s) -->

     <!-- extensibility element(s) -->

    </tt:Extension>
   </tptz:PresetTour>
  </tptz:GetPresetToursResponse>
 </SOAP-ENV:Body>
</SOAP-ENV:Envelope>
